읍면동명,영유아 및 어린이,10대,20대,30대,40대,50대,60대,70대,80대 이상
가락동,2.973844500179147,3.1171623074166965,9.566463633106412,11.572912934432104,13.436044428520244,17.341454675743464,19.419562880687927,12.504478681476172,10.068075958437836
가리봉동,0.8968609865470852,0.8968609865470852,6.87593423019432,10.014947683109119,12.705530642750373,21.973094170403588,21.524663677130047,14.050822122571002,11.061285500747383
가산동,0.6501950585175552,3.7061118335500653,22.886866059817944,14.824447334200261,15.474642392717817,17.555266579973992,12.613784135240572,7.737321196358908,4.551365409622886
가양동,2.5499362515937105,2.507437314067148,5.227369315767106,9.222269443263919,8.159796005099873,12.792180195495112,21.75945601359966,22.14194645133872,15.639609009774755
가회동,0.0,4.878048780487805,12.195121951219512,14.634146341463413,12.195121951219512,9.75609756097561,14.634146341463413,9.75609756097561,21.951219512195124
갈월동,0.0,4.9504950495049505,13.861386138613863,11.881188118811881,9.405940594059405,23.762376237623762,17.326732673267326,9.405940594059405,9.405940594059405
갈현동,2.407318247472316,5.440539239287434,10.158883004333173,6.307173808377467,9.91815117958594,15.310544053923927,16.032739528165624,18.536350505536834,15.888300433317285
강일동,6.157635467980295,5.254515599343185,6.075533661740558,8.210180623973727,8.12807881773399,11.904761904761903,17.651888341543515,18.0623973727422,18.555008210180624
개봉동,2.863234846177277,2.345415778251599,6.000609198903442,7.493146512336278,8.13280536095035,14.925373134328357,18.245507158087115,19.433445019798963,20.560462991166617
개포동,2.874186550976139,4.5010845986984815,7.321041214750543,7.863340563991324,11.225596529284164,17.190889370932755,18.76355748373102,19.305856832971802,10.954446854663773
개화동,1.6597510373443984,1.2448132780082988,11.20331950207469,13.278008298755188,11.20331950207469,24.066390041493776,17.012448132780083,10.78838174273859,9.54356846473029
거여동,5.047318611987381,3.7854889589905363,7.965299684542587,10.094637223974763,11.041009463722396,13.722397476340694,16.561514195583594,16.7192429022082,15.063091482649844
견지동,0.0,0.0,13.157894736842104,26.31578947368421,10.526315789473683,21.052631578947366,10.526315789473683,10.526315789473683,7.894736842105263
경운동,0.0,4.123711340206185,17.525773195876287,19.587628865979383,9.278350515463918,16.49484536082474,19.587628865979383,9.278350515463918,4.123711340206185
계동,0.0,2.941176470588235,5.88235294117647,10.294117647058822,8.823529411764707,7.352941176470589,13.23529411764706,20.588235294117645,30.88235294117647
고덕동,6.916666666666667,6.833333333333333,5.833333333333333,9.333333333333334,12.583333333333332,15.166666666666668,16.916666666666664,14.083333333333334,12.333333333333334
고척동,2.1515434985968196,4.1627689429373245,7.811038353601497,8.372310570626754,10.757717492984098,13.938260056127222,17.212347988774557,17.16557530402245,18.42843779232928
공덕동,3.441084462982273,3.5453597497393115,11.470281543274243,10.427528675703858,11.991657977059438,12.825860271115747,13.660062565172055,17.205422314911367,15.43274244004171
공릉동,2.836105808562858,5.099536405781293,10.935369511862557,8.0992637032997,10.171802563403327,18.3528770111808,15.8712844286883,15.734933187892008,12.898827379329154
공평동,0.0,0.0,27.659574468085108,17.02127659574468,21.27659574468085,14.893617021276595,6.382978723404255,6.382978723404255,6.382978723404255
공항동,2.986857825567503,4.1816009557945035,8.960573476702509,8.124253285543608,11.589008363201913,19.11589008363202,18.63799283154122,15.651135005973716,10.75268817204301
과해동,1.6129032258064515,4.838709677419355,29.03225806451613,14.516129032258066,8.064516129032258,24.193548387096776,12.903225806451612,3.225806451612903,1.6129032258064515
관수동,6.0200668896321075,4.3478260869565215,11.036789297658862,16.722408026755854,22.40802675585284,25.418060200668897,8.695652173913043,3.678929765886288,1.6722408026755853
관철동,1.2345679012345678,7.4074074074074066,30.246913580246915,21.604938271604937,14.814814814814813,8.641975308641975,8.641975308641975,5.555555555555555,1.8518518518518516
관훈동,3.6585365853658534,1.2195121951219512,12.195121951219512,8.536585365853659,9.75609756097561,18.29268292682927,20.73170731707317,17.073170731707318,8.536585365853659
광장동,4.694835680751173,7.981220657276995,11.384976525821596,10.56338028169014,11.502347417840376,13.380281690140844,12.206572769953052,10.328638497652582,17.95774647887324
광희동1가,0.0,4.761904761904762,16.19047619047619,16.19047619047619,19.047619047619047,21.904761904761905,12.380952380952381,4.761904761904762,4.761904761904762
광희동2가,1.1627906976744187,10.465116279069768,18.6046511627907,13.953488372093023,11.627906976744185,11.627906976744185,13.953488372093023,12.790697674418606,5.813953488372093
교남동,0.0,0.0,0.0,21.73913043478261,13.043478260869565,26.08695652173913,21.73913043478261,8.695652173913043,8.695652173913043
교북동,0.0,2.380952380952381,16.666666666666664,9.523809523809524,7.142857142857142,16.666666666666664,16.666666666666664,14.285714285714285,16.666666666666664
구기동,0.40816326530612246,2.4489795918367347,8.571428571428571,4.8979591836734695,12.244897959183673,18.367346938775512,20.816326530612244,13.061224489795919,19.183673469387756
구로동,2.17873713939883,3.4093201533185393,11.962880774662093,10.167439983861208,10.91385918902562,15.775670768610045,17.066774258624168,16.48174298971152,12.043574742787976
구산동,2.5915996425379806,5.540661304736371,6.344950848972298,6.613047363717604,9.025915996425379,15.549597855227882,17.426273458445042,19.124218051831992,17.78373547810545
구수동,0.0,4.081632653061225,14.285714285714285,12.244897959183673,6.122448979591836,14.285714285714285,34.69387755102041,8.16326530612245,6.122448979591836
구의동,2.6625172890733055,5.4287690179806365,13.55463347164592,10.684647302904564,10.096818810511756,14.626556016597512,15.421853388658368,13.831258644536653,13.692946058091287
군자동,3.3112582781456954,5.077262693156733,16.55629139072848,8.609271523178808,9.050772626931568,14.23841059602649,14.56953642384106,14.348785871964681,14.23841059602649
궁동,1.733102253032929,6.065857885615252,6.759098786828423,6.759098786828423,12.305025996533796,16.291161178509533,20.797227036395146,16.11785095320624,13.171577123050259
궁정동,0.0,7.142857142857142,3.571428571428571,7.142857142857142,14.285714285714285,42.857142857142854,10.714285714285714,10.714285714285714,3.571428571428571
권농동,0.0,0.0,13.043478260869565,8.695652173913043,13.043478260869565,4.3478260869565215,26.08695652173913,30.434782608695656,4.3478260869565215
금호동1가,3.584229390681003,3.405017921146954,9.67741935483871,8.781362007168457,7.526881720430108,11.29032258064516,20.43010752688172,19.71326164874552,15.591397849462366
금호동2가,8.108108108108109,0.6756756756756757,8.445945945945946,13.513513513513514,12.162162162162163,15.878378378378377,15.202702702702704,15.878378378378377,10.135135135135135
금호동3가,3.7825059101654848,4.491725768321513,7.092198581560284,8.037825059101655,8.983451536643026,11.347517730496454,17.96690307328605,22.93144208037825,15.36643026004728
금호동4가,1.971326164874552,2.3297491039426523,9.31899641577061,12.007168458781361,10.03584229390681,13.082437275985665,16.845878136200717,17.20430107526882,17.20430107526882
길동,2.0222446916076846,3.1344792719919106,9.251769464105157,9.251769464105157,10.364004044489384,17.745197168857434,17.391304347826086,16.22851365015167,14.610717896865522
길음동,5.929919137466308,5.053908355795148,6.132075471698113,9.433962264150944,11.590296495956872,11.118598382749326,17.38544474393531,18.935309973045822,14.420485175202154
낙원동,0.9487666034155597,1.8975332068311195,9.487666034155598,8.159392789373813,13.282732447817835,19.35483870967742,20.113851992409867,18.026565464895636,8.72865275142315
남가좌동,4.398289554062309,4.825901038485034,8.24679291386683,8.918753817959683,7.8191814294441055,15.149664019547954,15.760537568723274,18.814905314599876,16.065974343310934
남대문로1가,0.0,0.0,6.666666666666667,13.333333333333334,26.666666666666668,20.0,20.0,6.666666666666667,6.666666666666667
남대문로2가,0.0,4.0,28.000000000000004,28.000000000000004,20.0,12.0,8.0,0.0,0.0
남대문로3가,0.0,0.0,5.88235294117647,2.941176470588235,8.823529411764707,38.23529411764706,29.411764705882355,5.88235294117647,8.823529411764707
남대문로4가,5.88235294117647,4.357298474945534,10.239651416122005,15.686274509803921,19.825708061002178,18.30065359477124,22.440087145969496,3.0501089324618738,0.2178649237472767
남대문로5가,0.6514657980456027,1.3029315960912053,10.749185667752444,9.446254071661238,24.429967426710096,20.195439739413683,18.566775244299674,9.446254071661238,5.211726384364821
남산동1가,6.25,0.0,37.5,0.0,0.0,6.25,37.5,6.25,6.25
남산동2가,0.0,2.5,27.500000000000004,12.5,7.5,15.0,12.5,15.0,7.5
남산동3가,0.0,7.6923076923076925,23.076923076923077,15.384615384615385,30.76923076923077,7.6923076923076925,7.6923076923076925,7.6923076923076925,0.0
남영동,0.0,4.545454545454546,15.909090909090908,12.5,14.772727272727273,21.59090909090909,15.909090909090908,7.954545454545454,6.8181818181818175
남창동,1.6129032258064515,2.4193548387096775,5.64516129032258,8.064516129032258,15.32258064516129,17.741935483870968,21.774193548387096,22.58064516129032,4.838709677419355
남학동,0.0,0.0,20.0,40.0,20.0,20.0,0.0,0.0,0.0
남현동,1.9178082191780823,3.8356164383561646,19.589041095890412,12.602739726027398,6.575342465753424,13.287671232876713,16.301369863013697,17.945205479452056,7.9452054794520555
내곡동,5.172413793103448,2.413793103448276,10.689655172413794,12.413793103448276,11.03448275862069,15.517241379310345,14.827586206896552,15.172413793103448,12.758620689655173
내발산동,3.740458015267176,7.022900763358779,8.778625954198473,7.328244274809161,10.305343511450381,14.122137404580155,16.412213740458014,17.251908396946565,15.038167938931299
내수동,0.9708737864077669,2.912621359223301,17.475728155339805,12.62135922330097,15.53398058252427,15.53398058252427,8.737864077669903,6.796116504854369,19.41747572815534
내자동,0.0,1.4285714285714286,20.0,11.428571428571429,17.142857142857142,14.285714285714285,15.714285714285714,15.714285714285714,4.285714285714286
냉천동,5.714285714285714,1.9047619047619049,7.6190476190476195,7.6190476190476195,11.428571428571429,25.71428571428571,19.047619047619047,11.428571428571429,9.523809523809524
노고산동,0.39215686274509803,8.235294117647058,25.68627450980392,8.431372549019608,10.588235294117647,13.92156862745098,9.607843137254903,12.156862745098039,10.980392156862745
노량진동,1.0023584905660377,5.188679245283019,19.221698113207548,10.731132075471699,8.254716981132075,12.67688679245283,15.212264150943398,14.38679245283019,13.325471698113208
녹번동,2.7698863636363638,3.6221590909090913,7.2443181818181825,7.315340909090909,10.227272727272728,16.761363636363637,15.056818181818182,16.40625,20.59659090909091
논현동,1.1430437622468974,4.245591116917048,29.359895493141735,21.260613977792293,12.671456564337035,9.046374918354017,9.079033311561071,7.478772044415415,5.715218811234488
누상동,4.310344827586207,1.7241379310344827,6.896551724137931,13.793103448275861,8.620689655172415,23.275862068965516,11.206896551724139,18.96551724137931,11.206896551724139
누하동,2.380952380952381,4.761904761904762,4.761904761904762,4.761904761904762,7.142857142857142,19.047619047619047,14.285714285714285,21.428571428571427,21.428571428571427
능동,4.3557168784029034,5.263157894736842,14.519056261343014,11.978221415607985,11.796733212341199,14.519056261343014,13.611615245009073,12.885662431941924,11.070780399274046
다동,1.0752688172043012,3.225806451612903,17.20430107526882,21.50537634408602,23.655913978494624,16.129032258064516,15.053763440860216,2.1505376344086025,0.0
답십리동,2.675438596491228,3.3333333333333335,8.947368421052632,9.385964912280702,8.859649122807017,14.82456140350877,16.666666666666664,18.50877192982456,16.798245614035086
당산동,1.3605442176870748,8.16326530612245,22.108843537414966,14.965986394557824,10.884353741496598,13.945578231292515,11.564625850340136,7.8231292517006805,9.183673469387756
당산동1가,0.9404388714733543,3.4482758620689653,9.404388714733543,9.717868338557993,12.539184952978054,18.808777429467085,21.630094043887148,14.733542319749215,8.77742946708464
당산동2가,2.380952380952381,2.976190476190476,11.904761904761903,10.714285714285714,17.857142857142858,11.904761904761903,19.047619047619047,11.904761904761903,11.30952380952381
당산동3가,1.855287569573284,5.009276437847866,15.584415584415584,12.059369202226346,8.719851576994433,15.398886827458256,14.285714285714285,16.512059369202227,10.575139146567718
당산동4가,2.4822695035460995,5.319148936170213,6.028368794326241,15.24822695035461,12.056737588652481,10.28368794326241,16.312056737588655,19.148936170212767,13.120567375886525
당산동5가,2.493765586034913,6.483790523690773,12.468827930174564,10.723192019950124,7.73067331670823,9.476309226932669,15.96009975062344,14.713216957605985,19.950124688279303
당산동6가,0.8264462809917356,7.024793388429752,23.96694214876033,15.289256198347106,9.50413223140496,13.223140495867769,10.743801652892563,11.15702479338843,8.264462809917356
당인동,0.0,2.380952380952381,30.952380952380953,9.523809523809524,11.904761904761903,11.904761904761903,4.761904761904762,14.285714285714285,14.285714285714285
당주동,2.3255813953488373,2.3255813953488373,23.25581395348837,11.627906976744185,8.13953488372093,24.418604651162788,16.27906976744186,1.1627906976744187,10.465116279069768
대림동,2.7038099139696845,2.662843097091356,7.906595657517411,7.4969274887341255,11.265874641540352,18.10733306022122,20.811142974190904,17.738631708316262,11.30684145841868
대방동,2.207001522070015,5.098934550989346,11.187214611872145,7.9908675799086755,10.578386605783866,12.32876712328767,15.753424657534246,16.13394216133942,18.72146118721461
대신동,7.196969696969697,10.227272727272728,24.62121212121212,12.878787878787879,12.878787878787879,11.363636363636363,9.469696969696969,7.575757575757576,3.787878787878788
대조동,1.7501988862370723,3.659506762132061,10.580747812251392,7.159904534606206,9.387430389817025,16.467780429594274,17.899761336515514,18.85441527446301,14.240254574383451
대치동,1.8959257765227915,9.27793465106898,17.2650262202501,13.110125050423557,16.45824929407019,14.239612747075434,11.415893505445744,8.955223880597014,7.382008874546188
대현동,3.343465045592705,10.33434650455927,36.77811550151976,8.814589665653495,9.72644376899696,8.51063829787234,6.68693009118541,10.94224924012158,4.86322188449848
대흥동,3.389830508474576,5.593220338983051,13.728813559322035,8.135593220338983,10.508474576271185,13.559322033898304,9.322033898305085,20.677966101694913,15.084745762711865
도곡동,3.642172523961661,6.773162939297124,14.313099041533548,12.779552715654951,12.587859424920127,12.843450479233226,11.948881789137381,12.523961661341854,12.587859424920127
도렴동,0.0,0.0,39.130434782608695,4.3478260869565215,13.043478260869565,13.043478260869565,8.695652173913043,17.391304347826086,4.3478260869565215
도림동,2.07667731629393,2.07667731629393,7.987220447284344,8.30670926517572,12.140575079872203,18.210862619808307,14.856230031948881,15.175718849840255,19.169329073482427
도봉동,2.2718214428058987,2.7899561578318055,6.57632522917497,4.942208051016341,8.290155440414509,17.138302112395376,21.16381028298127,21.323236349143084,15.504184934236747
도선동,0.3703703703703704,3.7037037037037033,17.40740740740741,11.481481481481481,10.37037037037037,16.296296296296298,15.555555555555555,13.333333333333334,11.481481481481481
도원동,1.2422360248447204,1.8633540372670807,4.968944099378882,5.590062111801243,8.695652173913043,14.285714285714285,21.73913043478261,20.496894409937887,21.11801242236025
도화동,2.057142857142857,4.914285714285714,11.771428571428572,12.685714285714287,9.828571428571427,14.17142857142857,15.657142857142858,14.057142857142857,14.857142857142858
독산동,2.511078286558346,2.7326440177252587,9.82274741506647,9.379615952732644,10.881339241752832,18.906942392909897,18.29148202855736,15.805022156573118,11.669128508124077
돈암동,3.2541776605101145,5.628847845206685,6.33245382585752,6.156552330694811,10.11433597185576,14.599824098504838,14.511873350923482,20.756376429199648,18.64555848724714
돈의동,0.0,0.9803921568627451,7.8431372549019605,3.9215686274509802,13.725490196078432,20.588235294117645,23.202614379084967,19.934640522875817,9.803921568627452
동교동,0.2985074626865672,11.791044776119403,41.19402985074627,12.388059701492537,8.955223880597014,8.507462686567164,6.567164179104477,6.26865671641791,4.029850746268656
동빙고동,1.4184397163120568,6.382978723404255,12.76595744680851,13.47517730496454,9.929078014184398,14.184397163120568,14.893617021276595,10.638297872340425,16.312056737588655
동선동1가,1.092896174863388,14.207650273224044,28.96174863387978,8.743169398907105,8.743169398907105,11.475409836065573,14.207650273224044,5.46448087431694,7.103825136612022
동선동2가,1.282051282051282,7.6923076923076925,37.17948717948718,12.82051282051282,6.41025641025641,14.102564102564102,6.41025641025641,3.8461538461538463,10.256410256410255
동선동3가,0.0,7.228915662650602,21.686746987951807,10.843373493975903,9.63855421686747,12.048192771084338,3.614457831325301,16.867469879518072,18.072289156626507
동선동4가,0.0,9.722222222222223,18.055555555555554,12.5,13.88888888888889,10.416666666666668,11.805555555555555,13.194444444444445,10.416666666666668
동선동5가,2.666666666666667,5.333333333333334,16.0,10.666666666666668,6.666666666666667,6.666666666666667,14.666666666666666,25.333333333333336,12.0
동소문동1가,3.125,4.6875,18.75,6.25,18.75,14.0625,6.25,10.9375,17.1875
동소문동2가,0.0,3.4482758620689653,17.24137931034483,1.7241379310344827,22.413793103448278,18.96551724137931,18.96551724137931,6.896551724137931,10.344827586206897
동소문동3가,1.9230769230769231,1.9230769230769231,11.538461538461538,7.6923076923076925,19.230769230769234,15.384615384615385,19.230769230769234,17.307692307692307,5.769230769230769
동소문동4가,2.2988505747126435,4.597701149425287,14.942528735632186,2.2988505747126435,11.494252873563218,11.494252873563218,10.344827586206897,27.586206896551722,14.942528735632186
동소문동5가,0.0,7.142857142857142,24.6031746031746,6.349206349206349,7.936507936507936,11.11111111111111,11.11111111111111,19.841269841269842,11.904761904761903
동소문동6가,0.0,8.24742268041237,24.742268041237114,10.309278350515463,10.309278350515463,4.123711340206185,10.309278350515463,19.587628865979383,12.371134020618557
동소문동7가,5.555555555555555,6.944444444444445,5.555555555555555,13.88888888888889,5.555555555555555,12.5,9.722222222222223,13.88888888888889,26.38888888888889
동숭동,0.0,10.616438356164384,21.575342465753426,10.616438356164384,10.616438356164384,14.383561643835616,11.643835616438356,10.273972602739725,10.273972602739725
동자동,0.267379679144385,2.5401069518716577,8.02139037433155,9.358288770053475,14.83957219251337,24.197860962566846,22.593582887700535,14.037433155080215,4.144385026737968
동작동,2.7874564459930316,7.317073170731707,16.72473867595819,14.634146341463413,9.40766550522648,12.543554006968641,13.588850174216027,14.634146341463413,8.362369337979095
둔촌동,2.5442477876106198,4.20353982300885,6.415929203539823,8.738938053097344,11.504424778761061,12.5,18.36283185840708,19.02654867256637,16.70353982300885
등촌동,2.317788327282882,3.825746998045239,10.025132644512706,9.690030717676628,8.628874616029043,13.12482546774644,16.36414409382854,17.31359955319743,18.709857581681096
마곡동,6.070143884892086,7.823741007194244,18.794964028776977,14.748201438848922,14.073741007194245,11.510791366906476,11.91546762589928,8.902877697841728,6.160071942446043
마장동,2.251184834123223,3.4360189573459716,10.189573459715639,9.123222748815166,9.95260663507109,16.113744075829384,15.165876777251185,17.535545023696685,16.23222748815166
마천동,1.6831683168316833,3.415841584158416,8.316831683168317,5.396039603960396,9.653465346534654,18.217821782178216,22.128712871287128,16.03960396039604,15.148514851485148
마포동,0.7633587786259541,7.633587786259542,22.900763358778626,9.923664122137405,13.740458015267176,12.977099236641221,12.213740458015266,10.687022900763358,9.16030534351145
만리동1가,1.694915254237288,5.084745762711865,15.254237288135593,10.16949152542373,6.779661016949152,22.033898305084744,20.33898305084746,10.16949152542373,8.47457627118644
만리동2가,6.741573033707865,3.3707865168539324,12.359550561797752,15.730337078651685,8.98876404494382,14.606741573033707,13.48314606741573,15.730337078651685,8.98876404494382
망우동,1.8162005085361426,3.378132945877225,6.683617871413004,6.138757718852162,8.754086451144207,21.031601888848527,20.81365782782419,17.653468942971305,13.730475844533235
망원동,2.5851197982345524,3.720050441361917,14.627994955863807,11.727616645649434,8.32282471626734,11.790668348045397,14.312736443883987,18.41109709962169,14.50189155107188
면목동,2.2719896137617654,2.7426160337552745,8.049334631613112,8.000649139889646,10.56475170399221,18.776371308016877,17.672833495618306,18.208373904576437,13.71308016877637
명동1가,0.0,2.0408163265306123,20.408163265306122,24.489795918367346,14.285714285714285,22.448979591836736,10.204081632653061,6.122448979591836,0.0
명동2가,1.5384615384615385,10.76923076923077,12.307692307692308,9.230769230769232,18.461538461538463,23.076923076923077,9.230769230769232,10.76923076923077,4.615384615384616
명륜1가,0.6211180124223602,12.422360248447205,14.906832298136646,3.7267080745341614,6.832298136645963,14.285714285714285,9.937888198757763,11.801242236024844,25.465838509316768
명륜2가,1.5873015873015872,10.317460317460316,24.6031746031746,7.142857142857142,5.555555555555555,8.73015873015873,17.46031746031746,11.11111111111111,13.492063492063492
명륜3가,0.5128205128205128,5.128205128205128,20.51282051282051,5.128205128205128,6.666666666666667,11.794871794871794,12.82051282051282,20.0,17.435897435897434
명륜4가,0.0,14.85148514851485,30.693069306930692,6.9306930693069315,11.881188118811881,12.871287128712872,6.9306930693069315,11.881188118811881,3.9603960396039604
명일동,3.114754098360656,5.163934426229509,9.672131147540984,8.688524590163935,9.754098360655737,11.721311475409836,19.918032786885245,17.78688524590164,14.18032786885246
목동,4.920599418474614,6.933571907850593,10.377991500782823,9.3938716170879,11.093715052560949,15.231491836278238,14.873630060389175,13.732945649742787,13.442182956832923
묘동,0.5263157894736842,5.7894736842105265,17.894736842105264,8.421052631578947,13.684210526315791,15.263157894736842,17.894736842105264,11.052631578947368,9.473684210526317
무교동,0.0,0.0,15.151515151515152,24.242424242424242,33.33333333333333,18.181818181818183,6.0606060606060606,3.0303030303030303,0.0
무악동,3.5143769968051117,5.7507987220447285,5.111821086261981,8.626198083067091,9.584664536741213,18.849840255591054,15.335463258785943,15.654952076677317,17.57188498402556
무학동,0.0,8.823529411764707,15.686274509803921,20.588235294117645,11.76470588235294,29.411764705882355,7.8431372549019605,4.901960784313726,0.9803921568627451
묵동,3.0005173305742368,3.2591826176927055,7.9151577858251425,8.225556130367305,8.691153647180547,15.312984997413349,18.520434557682357,20.33109156751164,14.743921365752716
묵정동,3.0303030303030303,3.0303030303030303,18.181818181818183,12.121212121212121,3.0303030303030303,18.181818181818183,15.151515151515152,6.0606060606060606,21.21212121212121
문래동1가,4.285714285714286,1.4285714285714286,8.571428571428571,11.428571428571429,11.428571428571429,22.857142857142858,25.71428571428571,12.857142857142856,1.4285714285714286
문래동2가,1.5151515151515151,1.5151515151515151,18.181818181818183,18.181818181818183,4.545454545454546,18.181818181818183,16.666666666666664,12.121212121212121,9.090909090909092
문래동3가,2.5225225225225225,3.2432432432432434,10.09009009009009,12.972972972972974,14.234234234234233,13.333333333333334,14.054054054054054,12.072072072072073,17.47747747747748
문래동4가,5.88235294117647,0.0,0.0,17.647058823529413,7.8431372549019605,15.686274509803921,17.647058823529413,23.52941176470588,11.76470588235294
문래동5가,2.5210084033613445,4.201680672268908,9.243697478991598,12.605042016806722,9.243697478991598,15.966386554621847,17.647058823529413,15.966386554621847,12.605042016806722
문래동6가,10.045662100456621,5.47945205479452,7.30593607305936,16.894977168949772,12.785388127853881,10.50228310502283,12.32876712328767,12.785388127853881,11.87214611872146
문배동,9.70873786407767,0.9708737864077669,15.53398058252427,17.475728155339805,9.70873786407767,18.446601941747574,16.50485436893204,6.796116504854369,4.854368932038835
문정동,2.772073921971253,4.1067761806981515,15.708418891170432,16.170431211498972,9.958932238193018,13.963039014373715,14.579055441478438,10.574948665297741,12.166324435318275
미근동,1.0638297872340425,3.1914893617021276,12.76595744680851,28.723404255319153,9.574468085106384,22.340425531914892,8.51063829787234,5.319148936170213,8.51063829787234
미아동,2.150197628458498,3.7312252964426875,8.442687747035574,7.399209486166009,9.73913043478261,17.043478260869566,18.3399209486166,19.699604743083004,13.454545454545455
반포동,3.0155979202772967,8.145580589254767,18.717504332755635,12.097053726169845,12.65164644714038,12.85961871750433,12.374350086655113,12.65164644714038,7.487001733102253
방배동,2.7303754266211606,4.560968042196711,12.907229289481851,9.95966490847037,10.983555693453305,14.05522804840211,14.675767918088736,15.327334781259697,14.799875892026062
방산동,0.0,3.8461538461538463,7.6923076923076925,7.6923076923076925,7.6923076923076925,26.923076923076923,23.076923076923077,7.6923076923076925,15.384615384615385
방이동,3.230616302186879,6.759443339960239,15.25844930417495,12.872763419483102,11.133200795228628,13.021868787276341,15.159045725646122,11.679920477137177,10.884691848906561
방학동,1.9574468085106382,3.9148936170212765,7.4326241134751765,6.411347517730497,10.184397163120568,16.141843971631207,18.439716312056735,17.27659574468085,18.24113475177305
방화동,2.819548872180451,3.3834586466165413,7.612781954887218,6.829573934837092,8.364661654135338,15.726817042606516,20.958646616541355,17.982456140350877,16.32205513784461
번동,2.005640864932623,3.3845189595738012,8.649326230021936,7.6778439360701976,9.589470385459103,15.16765904105296,17.737386399247885,21.278596051394548,14.509558132246944
보광동,1.7361111111111112,2.7777777777777777,10.069444444444445,9.54861111111111,10.9375,16.493055555555554,14.23611111111111,18.055555555555554,16.145833333333336
보문동1가,2.127659574468085,2.127659574468085,19.148936170212767,10.638297872340425,21.27659574468085,17.02127659574468,14.893617021276595,8.51063829787234,4.25531914893617
보문동2가,0.0,6.8181818181818175,22.727272727272727,7.954545454545454,4.545454545454546,19.318181818181817,13.636363636363635,18.181818181818183,6.8181818181818175
보문동3가,3.6585365853658534,4.878048780487805,10.975609756097562,6.097560975609756,14.634146341463413,8.536585365853659,19.51219512195122,23.170731707317074,8.536585365853659
보문동4가,0.0,9.615384615384617,11.538461538461538,9.615384615384617,7.6923076923076925,11.538461538461538,17.307692307692307,15.384615384615385,17.307692307692307
보문동5가,1.0204081632653061,0.0,11.224489795918368,5.1020408163265305,12.244897959183673,15.306122448979592,29.591836734693878,13.26530612244898,12.244897959183673
보문동6가,4.545454545454546,1.2987012987012987,7.142857142857142,9.090909090909092,7.792207792207792,15.584415584415584,18.181818181818183,22.727272727272727,13.636363636363635
보문동7가,1.0204081632653061,4.081632653061225,12.244897959183673,6.122448979591836,5.1020408163265305,17.346938775510203,12.244897959183673,22.448979591836736,19.387755102040817
본동,2.722772277227723,5.445544554455446,10.643564356435643,10.14851485148515,7.920792079207921,12.376237623762377,14.85148514851485,12.871287128712872,23.01980198019802
봉래동1가,0.0,4.0,8.0,8.0,4.0,52.0,16.0,0.0,8.0
봉래동2가,0.267379679144385,1.3368983957219251,3.4759358288770055,11.497326203208557,26.203208556149733,24.598930481283425,22.192513368983956,6.417112299465241,4.010695187165775
봉원동,0.0,0.0,4.0,4.0,4.0,20.0,24.0,20.0,24.0
봉익동,0.0,0.0,12.121212121212121,3.0303030303030303,12.121212121212121,18.181818181818183,39.39393939393939,15.151515151515152,0.0
봉천동,2.086802086802087,4.284604284604285,15.573315573315574,9.557109557109557,8.86890886890887,12.72061272061272,15.35131535131535,17.42701742701743,14.130314130314131
부암동,1.8867924528301887,3.1446540880503147,10.69182389937107,15.723270440251572,12.578616352201259,12.578616352201259,10.69182389937107,15.723270440251572,16.9811320754717
북가좌동,2.919290211791643,3.1482541499713794,9.215798511734402,7.384087006296508,10.933028048082427,14.195764167143674,17.401259301659987,19.805380652547225,14.997137950772753
북아현동,3.324348607367475,6.109613656783468,9.523809523809524,9.074573225516621,8.984725965858042,17.78975741239892,15.633423180592992,14.375561545372866,15.184186882300091
북창동,1.8181818181818181,7.2727272727272725,29.6969696969697,17.575757575757574,16.969696969696972,11.515151515151516,11.515151515151516,3.0303030303030303,0.6060606060606061
불광동,2.3446658851113718,2.8917545916373584,7.307542008597108,7.073075420085971,7.698319656115671,14.302461899179367,18.48378272762798,20.320437670965223,19.577960140679952
사간동,0.0,0.0,25.0,8.333333333333332,25.0,0.0,33.33333333333333,0.0,8.333333333333332
사근동,2.2222222222222223,12.777777777777777,18.88888888888889,4.722222222222222,7.777777777777778,14.166666666666666,12.222222222222221,16.11111111111111,11.11111111111111
사당동,2.533070644525753,3.77146073740501,12.637207993245145,8.725021108922038,10.10413734871939,13.003095975232199,17.73149451168027,16.324233042499298,15.170278637770899
사직동,2.2900763358778624,3.816793893129771,10.687022900763358,10.687022900763358,6.106870229007633,11.450381679389313,18.3206106870229,13.740458015267176,22.900763358778626
산림동,0.0,0.0,9.523809523809524,4.761904761904762,9.523809523809524,28.57142857142857,28.57142857142857,14.285714285714285,4.761904761904762
산천동,0.8403361344537815,0.8403361344537815,5.042016806722689,10.92436974789916,6.722689075630252,15.126050420168067,11.76470588235294,17.647058823529413,31.092436974789916
삼각동,0.0,11.11111111111111,22.22222222222222,11.11111111111111,11.11111111111111,33.33333333333333,0.0,11.11111111111111,0.0
삼선동1가,0.5235602094240838,3.1413612565445024,16.75392670157068,5.7591623036649215,6.282722513089005,14.136125654450263,13.089005235602095,19.895287958115183,20.418848167539267
삼선동2가,3.0303030303030303,9.090909090909092,11.515151515151516,8.484848484848486,10.909090909090908,10.909090909090908,20.606060606060606,15.151515151515152,10.303030303030303
삼선동3가,4.958677685950414,2.479338842975207,11.570247933884298,2.479338842975207,7.43801652892562,13.223140495867769,19.834710743801654,20.66115702479339,17.355371900826448
삼선동4가,1.3605442176870748,2.0408163265306123,16.3265306122449,7.482993197278912,7.482993197278912,15.646258503401361,14.965986394557824,17.006802721088434,17.687074829931973
삼선동5가,1.1695906432748537,5.263157894736842,16.95906432748538,7.017543859649122,12.865497076023392,15.789473684210526,11.695906432748536,16.374269005847953,12.865497076023392
삼성동,2.0,5.209302325581396,22.325581395348838,16.511627906976745,15.069767441860465,13.25581395348837,10.604651162790697,9.209302325581396,5.813953488372093
삼전동,3.285420944558522,3.696098562628337,13.655030800821354,15.811088295687886,12.217659137577003,13.75770020533881,15.092402464065707,10.677618069815194,11.806981519507186
삼청동,4.477611940298507,4.477611940298507,5.970149253731343,8.955223880597014,8.955223880597014,14.925373134328357,10.44776119402985,28.35820895522388,13.432835820895523
상계동,2.8819178780923234,4.756439683754144,9.410864575363426,7.625605712828361,9.806171894924764,14.677378219841877,17.02371843917368,16.755929609793423,17.061973986228
상도1동,2.2792022792022792,4.843304843304843,16.524216524216524,8.262108262108262,9.116809116809117,11.965811965811966,14.814814814814813,12.82051282051282,19.37321937321937
상도동,2.940383059077421,3.7226868087402214,11.491772322632857,7.71513353115727,9.144861073644456,11.599676288103588,16.61721068249258,19.90828162934988,16.859994604801727
상봉동,2.7629233511586455,3.7433155080213902,12.032085561497325,9.581105169340463,9.536541889483066,16.443850267379677,19.385026737967912,14.795008912655971,11.720142602495544
상수동,3.389830508474576,9.491525423728813,24.06779661016949,10.16949152542373,10.508474576271185,10.847457627118644,8.47457627118644,13.559322033898304,9.491525423728813
상암동,3.0303030303030303,6.1952861952861955,15.95959595959596,12.929292929292929,14.545454545454545,14.47811447811448,11.91919191919192,10.84175084175084,10.1010101010101
상왕십리동,10.85972850678733,4.072398190045249,8.597285067873303,11.76470588235294,10.407239819004525,8.144796380090497,15.384615384615385,9.502262443438914,21.266968325791854
상월곡동,1.1019283746556474,4.683195592286501,11.294765840220386,8.264462809917356,6.6115702479338845,14.049586776859504,17.90633608815427,19.00826446280992,17.079889807162534
상일동,6.9298245614035086,5.087719298245614,9.210526315789473,11.491228070175438,11.491228070175438,13.07017543859649,18.070175438596493,14.035087719298245,10.614035087719298
서계동,2.2222222222222223,6.666666666666667,10.158730158730158,7.301587301587302,11.746031746031745,18.73015873015873,17.46031746031746,16.507936507936506,9.206349206349207
서교동,0.6765067650676507,12.300123001230013,37.08487084870848,14.329643296432964,9.22509225092251,6.273062730627306,7.011070110701106,6.765067650676507,6.334563345633456
서린동,0.0,7.2727272727272725,36.36363636363637,12.727272727272727,12.727272727272727,14.545454545454545,3.6363636363636362,10.909090909090908,1.8181818181818181
서빙고동,2.666666666666667,2.666666666666667,13.777777777777779,7.555555555555555,8.88888888888889,12.0,14.666666666666666,11.11111111111111,26.666666666666668
서소문동,0.0,2.197802197802198,24.175824175824175,21.978021978021978,21.978021978021978,16.483516483516482,7.6923076923076925,3.296703296703297,2.197802197802198
서초동,1.8479630407391854,7.496850062998741,21.902561948761022,14.090718185636286,12.095758084838302,12.074758504829903,11.696766064678707,10.457790844183117,8.336833263334734
석관동,2.5324675324675328,4.025974025974026,8.376623376623376,7.142857142857142,9.155844155844155,16.363636363636363,20.259740259740262,17.20779220779221,14.935064935064934
석촌동,1.9590382902938557,3.383793410507569,13.713268032056991,12.733748886910062,8.370436331255565,15.138023152270705,18.165627782724844,15.672306322350845,10.863757791629563
성내동,1.7142857142857144,3.7142857142857144,11.25,10.464285714285715,11.892857142857142,15.821428571428573,18.357142857142858,15.785714285714286,11.0
성북동,1.4634146341463417,5.121951219512195,7.317073170731707,7.804878048780488,10.0,13.170731707317074,16.097560975609756,19.75609756097561,19.26829268292683
성북동1가,2.564102564102564,5.128205128205128,19.230769230769234,14.102564102564102,10.256410256410255,16.666666666666664,10.256410256410255,10.256410256410255,11.538461538461538
성산동,2.2947925860547222,4.192409532215358,13.945278022947926,10.105913503971758,9.973521624007061,12.62135922330097,14.563106796116504,19.02030008826125,13.28331862312445
성수동1가,2.059308072487644,5.683690280065898,17.298187808896213,11.86161449752883,14.662273476112025,14.579901153212521,13.42668863261944,12.43822075782537,7.990115321252059
성수동2가,1.2426900584795322,3.874269005847953,14.912280701754385,10.380116959064328,12.06140350877193,18.932748538011694,15.570175438596493,12.06140350877193,10.964912280701753
세곡동,4.6875,4.241071428571429,7.142857142857142,8.705357142857142,8.258928571428571,18.75,11.830357142857142,18.973214285714285,17.410714285714285
세종로,0.6172839506172839,4.938271604938271,19.753086419753085,17.28395061728395,19.753086419753085,18.51851851851852,11.728395061728394,5.555555555555555,1.8518518518518516
소격동,4.545454545454546,9.090909090909092,13.636363636363635,9.090909090909092,9.090909090909092,4.545454545454546,27.27272727272727,18.181818181818183,4.545454545454546
소공동,1.5384615384615385,3.076923076923077,23.076923076923077,20.0,13.846153846153847,16.923076923076923,13.846153846153847,6.153846153846154,1.5384615384615385
송월동,12.5,12.5,0.0,6.25,31.25,0.0,6.25,18.75,12.5
송정동,2.240325865580448,3.6659877800407332,8.757637474541752,9.368635437881874,12.627291242362526,19.95926680244399,16.700610997963338,14.663951120162933,12.016293279022404
송파동,3.5040431266846364,4.132973944294699,15.00449236298293,10.152740341419586,9.703504043126685,14.195867026055705,15.363881401617252,14.285714285714285,13.656783468104223
송현동,0.0,33.33333333333333,0.0,0.0,0.0,0.0,66.66666666666666,0.0,0.0
수색동,3.4608378870673953,2.5500910746812386,9.47176684881603,8.743169398907105,9.836065573770492,16.029143897996356,20.76502732240437,13.114754098360656,16.029143897996356
수서동,1.3568521031207599,4.1383989145183175,7.80189959294437,7.598371777476255,8.616010854816825,14.450474898236093,22.727272727272727,18.181818181818183,15.128900949796472
수송동,2.403846153846154,2.8846153846153846,24.03846153846154,20.673076923076923,23.076923076923077,14.423076923076922,8.173076923076923,2.8846153846153846,1.4423076923076923
수유동,1.6808178825160285,3.5175879396984926,9.2011783053197,6.896551724137931,10.223531450355225,17.25870732975221,17.224051290937446,18.003812164269625,15.993761913013344
수표동,0.0,13.636363636363635,36.36363636363637,22.727272727272727,18.181818181818183,0.0,4.545454545454546,4.545454545454546,0.0
수하동,0.0,4.545454545454546,9.090909090909092,40.909090909090914,36.36363636363637,4.545454545454546,4.545454545454546,0.0,0.0
순화동,1.5151515151515151,6.0606060606060606,16.666666666666664,13.636363636363635,16.666666666666664,19.696969696969695,10.606060606060606,13.636363636363635,1.5151515151515151
숭인동,1.2003693444136658,1.9390581717451523,9.418282548476455,7.756232686980609,11.542012927054477,19.8522622345337,20.8679593721145,16.712834718374882,10.710987996306557
시흥동,2.5224775224775224,3.271728271728272,6.218781218781219,6.393606393606394,10.664335664335663,17.832167832167833,19.83016983016983,18.15684315684316,15.10989010989011
신계동,3.4090909090909087,2.272727272727273,10.227272727272728,12.5,15.909090909090908,13.636363636363635,11.363636363636363,14.772727272727273,15.909090909090908
신공덕동,2.925531914893617,3.723404255319149,13.297872340425531,9.840425531914894,8.77659574468085,10.638297872340425,17.287234042553195,17.5531914893617,15.957446808510639
신교동,3.1746031746031744,12.698412698412698,4.761904761904762,9.523809523809524,17.46031746031746,22.22222222222222,12.698412698412698,9.523809523809524,7.936507936507936
신길동,2.75299515676778,3.339281162375733,8.080550599031353,9.151159826663267,9.533520265103238,15.778740759622737,19.296456793270455,17.63956156003059,14.427733877134846
신내동,4.0208488458674605,3.3879374534623974,7.259865971705137,8.376768428890543,8.413998510796723,14.482501861504096,19.28518242740134,16.083395383469842,18.689501116902456
신당동,2.0465994962216625,3.6523929471032743,9.288413098236775,8.438287153652393,9.886649874055415,16.0264483627204,17.56926952141058,16.624685138539043,16.46725440806045
신대방동,3.9956212370005475,5.254515599343185,11.384783798576901,10.399562123700054,10.29009304871374,15.38040503557745,15.38040503557745,15.216201423097974,12.698412698412698
신도림동,4.625984251968504,4.52755905511811,11.71259842519685,13.287401574803152,11.71259842519685,12.893700787401574,17.421259842519685,12.696850393700787,11.122047244094487
신림동,1.685023063164831,4.3302268662336445,17.43386990492328,8.952273369104773,10.270168502306316,13.781417678621857,14.798079638520193,15.89004989174433,12.858891085380778
신문로1가,1.7543859649122806,3.508771929824561,21.052631578947366,19.298245614035086,17.543859649122805,12.280701754385964,14.035087719298245,5.263157894736842,5.263157894736842
신문로2가,4.761904761904762,4.761904761904762,11.11111111111111,14.285714285714285,19.047619047619047,7.936507936507936,19.047619047619047,7.936507936507936,11.11111111111111
신사동,2.0435069215557022,5.009887936717205,17.56756756756757,11.96440342781806,10.481212920237311,12.162162162162163,13.777191825972313,14.568226763348715,12.425840474620962
신설동,0.7677543186180422,4.990403071017274,11.900191938579654,9.788867562380037,12.284069097888676,22.456813819577732,20.92130518234165,10.748560460652591,6.142034548944338
신수동,2.7649769585253456,5.837173579109063,15.360983102918588,10.599078341013826,9.216589861751153,8.141321044546851,14.90015360983103,19.662058371735792,13.517665130568357
신영동,2.727272727272727,2.727272727272727,10.909090909090908,4.545454545454546,8.181818181818182,12.727272727272727,18.181818181818183,20.0,20.0
신원동,5.487804878048781,2.7439024390243905,9.146341463414634,8.841463414634147,7.01219512195122,14.634146341463413,17.378048780487802,21.036585365853657,13.719512195121952
신월동,3.1327131194228213,4.101006265426239,7.442566926143915,7.2716916650844885,10.08164040250617,16.612872602999808,19.308904499715208,17.31535978735523,14.733244731346119
신정동,3.862660944206009,5.770147830233667,9.10824988078207,8.599586711174693,11.270068351613416,15.498330948974726,16.64282308059132,15.800349705929104,13.447782546494993
신창동,4.6875,1.5625,7.8125,7.8125,7.8125,7.8125,21.875,23.4375,17.1875
신천동,4.453125,6.25,15.156249999999998,11.796875,11.484375,14.296875,15.312500000000002,11.171875,10.078125
신촌동,2.5547445255474455,3.2846715328467155,20.072992700729927,11.678832116788321,14.5985401459854,14.963503649635038,12.773722627737227,14.233576642335766,5.839416058394161
쌍림동,0.0,4.411764705882353,14.705882352941178,19.11764705882353,16.176470588235293,11.76470588235294,17.647058823529413,11.76470588235294,4.411764705882353
쌍문동,1.8087063151440832,3.6174126302881664,6.989576946658492,7.939914163090128,9.717964438994482,13.979153893316983,17.995095033721643,18.853464132434087,19.098712446351932
아현동,3.2494758909853245,4.821802935010482,13.20754716981132,9.014675052410901,11.740041928721174,15.40880503144654,16.457023060796647,13.31236897274633,12.78825995807128
안국동,0.0,5.263157894736842,23.684210526315788,13.157894736842104,5.263157894736842,15.789473684210526,15.789473684210526,10.526315789473683,10.526315789473683
안암동1가,2.4390243902439024,1.2195121951219512,29.268292682926827,1.2195121951219512,9.75609756097561,12.195121951219512,15.853658536585366,9.75609756097561,18.29268292682927
안암동2가,3.225806451612903,3.225806451612903,17.20430107526882,6.451612903225806,7.526881720430108,11.827956989247312,20.43010752688172,17.20430107526882,12.903225806451612
안암동3가,2.2222222222222223,4.444444444444445,15.555555555555555,4.444444444444445,13.333333333333334,8.88888888888889,13.333333333333334,18.88888888888889,18.88888888888889
안암동4가,5.405405405405405,8.108108108108109,8.108108108108109,5.405405405405405,5.405405405405405,13.513513513513514,24.324324324324326,18.91891891891892,10.81081081081081
안암동5가,1.4957264957264957,13.675213675213676,23.717948717948715,8.76068376068376,12.393162393162394,11.538461538461538,12.179487179487179,7.478632478632479,8.76068376068376
암사동,3.330557868442964,4.496253122398001,7.7851790174854285,10.283097418817652,8.992506244796003,14.82098251457119,17.693588676103246,18.692756036636137,13.905079100749376
압구정동,3.3821871476888385,6.764374295377677,12.401352874859075,11.161217587373168,13.979706877113868,10.033821871476889,12.288613303269448,13.86696730552424,16.1217587373168
양재동,1.6528925619834711,4.132231404958678,14.214876033057852,14.269972451790633,14.325068870523417,14.655647382920108,16.2534435261708,12.176308539944904,8.319559228650137
양평동,1.0869565217391304,7.608695652173914,17.391304347826086,9.782608695652174,19.565217391304348,23.91304347826087,9.782608695652174,9.782608695652174,1.0869565217391304
양평동1가,4.433497536945813,2.955665024630542,7.389162561576355,10.83743842364532,9.852216748768473,12.807881773399016,21.182266009852217,17.733990147783253,12.807881773399016
양평동2가,4.508196721311475,2.459016393442623,11.885245901639344,16.39344262295082,13.114754098360656,10.655737704918032,13.524590163934427,16.80327868852459,10.655737704918032
양평동3가,5.704697986577181,4.026845637583892,15.100671140939598,14.76510067114094,10.40268456375839,15.436241610738255,13.087248322147651,12.751677852348994,8.724832214765101
양평동4가,1.7793594306049825,4.6263345195729535,15.302491103202847,13.167259786476867,12.811387900355871,17.437722419928825,15.658362989323843,10.320284697508896,8.896797153024911
양평동5가,6.432748538011696,6.432748538011696,16.374269005847953,18.71345029239766,8.187134502923977,9.941520467836257,14.035087719298245,8.187134502923977,11.695906432748536
양평동6가,7.865168539325842,0.0,26.96629213483146,8.98876404494382,12.359550561797752,14.606741573033707,10.112359550561797,11.235955056179774,7.865168539325842
양화동,4.724409448818897,11.023622047244094,16.535433070866144,12.598425196850393,14.960629921259844,22.04724409448819,13.385826771653544,3.937007874015748,0.7874015748031495
여의도동,2.9826014913007457,7.373653686826843,21.748135874067938,15.575807787903894,12.71748135874068,14.167357083678542,8.32642916321458,7.746478873239436,9.36205468102734
역삼동,0.6660936828534594,6.059303824666953,29.114740008594758,21.3149978513107,13.085517834121186,11.495487752470993,8.702191663085518,6.016330038676408,3.5453373442200258
역촌동,2.58030542390732,3.15955766192733,8.109531332280147,7.424960505529225,8.214849921011059,18.43075302790943,16.219062664560294,20.379146919431278,15.481832543443918
연건동,2.4752475247524752,3.9603960396039604,19.801980198019802,18.316831683168317,8.91089108910891,11.386138613861387,19.306930693069308,5.445544554455446,10.396039603960396
연남동,2.413273001508296,6.636500754147813,29.11010558069382,8.89894419306184,9.502262443438914,10.105580693815988,6.787330316742081,12.669683257918551,13.8763197586727
연지동,0.0,1.6666666666666667,11.666666666666666,11.666666666666666,5.0,23.333333333333332,26.666666666666668,16.666666666666664,3.3333333333333335
연희동,2.304964539007092,5.08274231678487,16.252955082742318,8.747044917257684,9.160756501182032,12.588652482269502,13.002364066193852,17.257683215130022,15.602836879432624
염곡동,5.681818181818182,5.681818181818182,13.636363636363635,2.272727272727273,11.363636363636363,19.318181818181817,19.318181818181817,9.090909090909092,13.636363636363635
염리동,3.710575139146568,7.050092764378478,9.833024118738404,10.575139146567718,10.760667903525047,13.543599257884972,14.100185528756956,15.0278293135436,15.398886827458256
염창동,4.956521739130435,4.3478260869565215,14.956521739130435,15.91304347826087,12.608695652173912,13.652173913043478,13.826086956521738,9.391304347826086,10.347826086956522
영등포동,0.8249312557286892,2.1998166819431715,6.232813932172319,7.057745187901008,17.048579285059578,23.831347387717692,22.639780018331805,13.198900091659027,6.966086159486709
영등포동1가,0.24096385542168677,7.228915662650602,27.951807228915666,20.481927710843372,17.10843373493976,18.072289156626507,5.0602409638554215,3.3734939759036147,0.48192771084337355
영등포동2가,0.0,2.690582959641256,19.282511210762333,13.901345291479823,19.282511210762333,16.591928251121075,18.83408071748879,5.381165919282512,4.0358744394618835
영등포동3가,0.0,7.439824945295405,17.286652078774615,12.910284463894966,16.192560175054705,21.444201312910284,16.849015317286653,5.689277899343545,2.1881838074398248
영등포동4가,2.3679417122040074,4.735883424408015,15.846994535519126,16.39344262295082,13.114754098360656,25.318761384335154,12.932604735883423,6.193078324225866,3.096539162112933
영등포동5가,0.37735849056603776,1.1320754716981132,2.6415094339622645,1.8867924528301887,13.962264150943396,24.150943396226417,35.84905660377358,13.962264150943396,6.037735849056604
영등포동6가,0.5,1.5,14.000000000000002,9.5,11.0,24.0,21.0,12.5,6.0
영등포동7가,4.145077720207254,3.8860103626943006,14.248704663212436,12.694300518134716,13.21243523316062,13.471502590673575,13.21243523316062,13.471502590673575,11.658031088082902
영등포동8가,1.2048192771084338,3.614457831325301,21.084337349397593,14.457831325301203,15.66265060240964,7.228915662650602,12.048192771084338,12.048192771084338,12.650602409638553
영천동,1.8518518518518516,7.4074074074074066,9.25925925925926,3.7037037037037033,12.962962962962962,13.88888888888889,12.037037037037036,18.51851851851852,20.37037037037037
예관동,0.0,0.0,8.695652173913043,13.043478260869565,17.391304347826086,34.78260869565217,17.391304347826086,4.3478260869565215,4.3478260869565215
예장동,5.841924398625429,4.4673539518900345,8.934707903780069,21.649484536082475,19.93127147766323,20.274914089347078,11.683848797250858,4.4673539518900345,2.7491408934707904
예지동,0.0,0.0,0.0,7.894736842105263,21.052631578947366,13.157894736842104,23.684210526315788,21.052631578947366,13.157894736842104
오곡동,0.0,5.555555555555555,16.666666666666664,22.22222222222222,22.22222222222222,11.11111111111111,11.11111111111111,11.11111111111111,0.0
오금동,2.826267664172901,4.738154613466334,8.89443059019119,8.31255195344971,9.72568578553616,13.798836242726518,18.703241895261847,13.881961762261014,19.11886949293433
오류동,2.2764227642276422,4.4986449864498645,13.821138211382115,12.520325203252034,8.780487804878048,12.520325203252034,15.663956639566395,16.260162601626014,13.658536585365855
오쇠동,0.0,0.0,12.5,12.5,50.0,12.5,12.5,0.0,0.0
오장동,0.8287292817679558,5.801104972375691,13.259668508287293,14.917127071823206,19.060773480662984,18.784530386740332,17.12707182320442,6.906077348066299,3.314917127071823
옥수동,2.9451137884872822,4.149933065595716,11.914323962516733,12.048192771084338,9.370816599732262,16.733601070950467,14.99330655957162,15.39491298527443,12.449799196787147
옥인동,2.5974025974025974,2.5974025974025974,11.688311688311687,12.987012987012985,10.38961038961039,11.688311688311687,14.285714285714285,18.181818181818183,15.584415584415584
옥천동,1.1904761904761905,0.0,9.523809523809524,8.333333333333332,13.095238095238097,23.809523809523807,8.333333333333332,14.285714285714285,21.428571428571427
온수동,3.272727272727273,5.454545454545454,13.818181818181818,5.454545454545454,9.818181818181818,14.909090909090908,18.545454545454547,17.09090909090909,11.636363636363637
와룡동,0.0,3.8461538461538463,13.461538461538462,7.6923076923076925,19.230769230769234,17.307692307692307,19.230769230769234,11.538461538461538,7.6923076923076925
외발산동,1.3513513513513513,2.7027027027027026,14.864864864864865,13.513513513513514,18.243243243243242,18.91891891891892,18.91891891891892,8.783783783783784,2.7027027027027026
용강동,3.389830508474576,4.23728813559322,10.59322033898305,9.745762711864407,14.83050847457627,14.83050847457627,15.254237288135593,10.59322033898305,16.52542372881356
용답동,1.6581632653061225,3.9540816326530615,11.989795918367346,7.525510204081633,14.285714285714285,20.66326530612245,16.45408163265306,16.581632653061224,6.887755102040815
용두동,0.8324661810613945,3.433922996878252,10.353798126951093,8.896982310093653,8.74089490114464,19.87513007284079,17.898022892819977,17.53381893860562,12.43496357960458
용문동,1.951219512195122,3.414634146341464,9.75609756097561,13.170731707317074,12.195121951219512,10.24390243902439,13.658536585365855,18.536585365853657,17.073170731707318
용산동1가,0.0,20.0,26.666666666666668,6.666666666666667,0.0,33.33333333333333,13.333333333333334,0.0,0.0
용산동2가,2.0689655172413794,6.666666666666667,14.71264367816092,12.413793103448276,8.735632183908045,9.425287356321839,15.862068965517242,15.862068965517242,14.25287356321839
용산동3가,7.6923076923076925,0.0,11.538461538461538,11.538461538461538,11.538461538461538,11.538461538461538,11.538461538461538,23.076923076923077,11.538461538461538
용산동4가,0.0,0.0,52.63157894736842,15.789473684210526,10.526315789473683,15.789473684210526,0.0,5.263157894736842,0.0
용산동5가,3.5398230088495577,7.964601769911504,15.929203539823009,14.15929203539823,11.504424778761061,10.619469026548673,16.8141592920354,14.15929203539823,5.3097345132743365
용산동6가,2.4390243902439024,2.4390243902439024,21.951219512195124,21.951219512195124,14.634146341463413,12.195121951219512,7.317073170731707,12.195121951219512,4.878048780487805
우면동,3.5921205098493627,5.214368482039398,6.720741599073002,10.196987253765933,11.587485515643106,13.32560834298957,16.917728852838934,17.84472769409038,14.600231749710312
우이동,1.6793893129770994,2.595419847328244,6.564885496183207,6.259541984732825,9.465648854961833,18.473282442748094,18.015267175572518,21.52671755725191,15.419847328244273
운니동,2.2988505747126435,9.195402298850574,10.344827586206897,13.793103448275861,5.747126436781609,5.747126436781609,37.93103448275862,10.344827586206897,4.597701149425287
원남동,0.0,3.75,12.5,7.5,15.0,21.25,12.5,21.25,6.25
원서동,0.0,2.1739130434782608,4.3478260869565215,2.1739130434782608,19.565217391304348,8.695652173913043,15.217391304347828,21.73913043478261,26.08695652173913
원지동,1.1152416356877324,2.6022304832713754,13.382899628252787,14.12639405204461,15.241635687732341,22.676579925650557,18.587360594795538,10.780669144981413,1.486988847583643
원효로1가,1.5625,3.515625,20.3125,19.921875,10.9375,15.625,11.328125,4.6875,12.109375
원효로2가,1.1494252873563218,2.2988505747126435,16.091954022988507,14.942528735632186,8.045977011494253,22.988505747126435,11.494252873563218,12.643678160919542,10.344827586206897
원효로3가,0.0,2.898550724637681,11.594202898550725,4.3478260869565215,13.043478260869565,15.942028985507244,7.246376811594203,28.985507246376812,15.942028985507244
원효로4가,0.0,3.1578947368421053,7.368421052631578,3.1578947368421053,21.052631578947366,15.789473684210526,18.947368421052634,13.684210526315791,16.842105263157894
월계동,2.394859813084112,3.6507009345794392,6.7172897196261685,6.366822429906542,9.404205607476635,14.077102803738317,20.735981308411215,19.626168224299064,17.026869158878505
율현동,2.0066889632107023,1.6722408026755853,9.364548494983277,11.705685618729097,16.722408026755854,22.40802675585284,19.39799331103679,10.033444816053512,6.688963210702341
을지로1가,0.0,5.47945205479452,23.28767123287671,38.35616438356164,2.73972602739726,15.068493150684931,5.47945205479452,6.8493150684931505,2.73972602739726
을지로2가,0.0,5.442176870748299,18.367346938775512,14.285714285714285,23.809523809523807,15.646258503401361,10.884353741496598,8.16326530612245,3.4013605442176873
을지로3가,0.0,7.329842931937172,23.036649214659686,8.900523560209423,13.089005235602095,16.230366492146597,18.32460732984293,8.37696335078534,4.712041884816754
을지로4가,0.0,0.0,18.181818181818183,9.917355371900827,11.570247933884298,23.96694214876033,21.487603305785125,10.743801652892563,4.132231404958678
을지로5가,0.0,3.597122302158273,33.093525179856115,16.546762589928058,16.546762589928058,14.388489208633093,11.510791366906476,4.316546762589928,0.0
을지로6가,0.904977375565611,3.167420814479638,21.71945701357466,18.099547511312217,16.7420814479638,15.384615384615385,13.122171945701359,9.049773755656108,1.809954751131222
을지로7가,0.0,11.71875,26.5625,11.71875,9.375,15.625,10.15625,12.5,2.34375
응봉동,3.2407407407407405,3.935185185185185,8.564814814814815,6.481481481481481,10.416666666666668,13.425925925925927,18.055555555555554,15.74074074074074,20.13888888888889
응암동,3.656307129798903,3.443022547227301,7.495429616087751,7.891529555149298,10.968921389396709,13.954905545399146,17.763558805606337,18.34247410115783,16.48385131017672
의주로1가,2.1739130434782608,2.1739130434782608,26.08695652173913,15.217391304347828,15.217391304347828,23.91304347826087,6.521739130434782,4.3478260869565215,4.3478260869565215
의주로2가,0.0,0.0,13.333333333333334,6.666666666666667,26.666666666666668,33.33333333333333,6.666666666666667,6.666666666666667,6.666666666666667
이문동,1.8569463548830811,5.777166437414031,12.242090784044017,7.4277854195323245,7.8404401650618984,12.035763411279229,15.955983493810177,19.944979367262725,16.91884456671252
이촌동,4.40771349862259,4.40771349862259,9.917355371900827,12.029384756657484,11.294765840220386,13.314967860422405,10.376492194674013,13.774104683195592,20.477502295684115
이태원동,1.4270032930845227,3.512623490669594,24.36882546652031,14.270032930845225,10.428100987925356,11.525795828759605,11.416026344676181,11.745334796926453,11.306256860592754
이화동,1.4925373134328357,5.970149253731343,7.462686567164178,7.462686567164178,14.925373134328357,16.417910447761194,14.925373134328357,16.417910447761194,14.925373134328357
익선동,0.0,6.756756756756757,14.864864864864865,13.513513513513514,13.513513513513514,14.864864864864865,17.56756756756757,9.45945945945946,9.45945945945946
인사동,0.0,2.5,12.5,7.5,20.0,30.0,10.0,5.0,12.5
인의동,0.9803921568627451,2.941176470588235,16.666666666666664,17.15686274509804,23.52941176470588,18.627450980392158,11.76470588235294,6.372549019607843,1.9607843137254901
인현동1가,0.0,6.521739130434782,15.217391304347828,17.391304347826086,10.869565217391305,23.91304347826087,17.391304347826086,4.3478260869565215,4.3478260869565215
인현동2가,4.225352112676056,5.633802816901409,5.633802816901409,7.042253521126761,9.859154929577464,16.901408450704224,26.76056338028169,9.859154929577464,14.084507042253522
일원동,3.089143865842895,4.41306266548985,7.0609002647837595,7.67872903795234,12.97440423654016,13.857016769638127,17.917034421888793,18.53486319505737,14.474845542806708
입정동,0.0,0.0,21.052631578947366,15.789473684210526,15.789473684210526,10.526315789473683,21.052631578947366,15.789473684210526,0.0
자곡동,3.7369207772795217,5.082212257100149,7.922272047832586,8.968609865470851,10.762331838565023,8.669656203288492,20.029895366218238,14.050822122571002,20.777279521674142
자양동,2.486518873576992,4.853205512282805,11.65368484122229,8.388256440982625,9.316956261234271,16.26722588376273,17.165967645296583,15.54823247453565,14.319952067106051
잠실동,3.331238214959145,7.416719044626022,14.33060967944689,12.916404776869895,11.596480201131364,13.262099308610937,12.72784412319296,12.979258328095538,11.439346323067253
잠원동,2.784048156508653,6.019563581640331,16.4033107599699,12.942061700526711,12.56583897667419,14.74793077501881,12.039127163280662,10.835214446952596,11.662904439428141
장교동,3.4482758620689653,0.0,27.586206896551722,34.48275862068966,20.689655172413794,6.896551724137931,3.4482758620689653,3.4482758620689653,0.0
장사동,0.0,0.0,19.51219512195122,9.75609756097561,12.195121951219512,19.51219512195122,21.951219512195124,12.195121951219512,4.878048780487805
장안동,2.92962851102386,3.4732709151313803,10.752038659015403,10.872848082150407,13.711869525823014,17.396556931440653,17.3663545756569,14.225309574146783,9.272123225611598
장위동,3.7264150943396226,3.5849056603773586,7.877358490566038,6.556603773584905,9.481132075471699,17.358490566037734,19.952830188679247,19.29245283018868,12.169811320754716
장지동,5.848903330625508,6.173842404549148,9.0982940698619,11.697806661251017,13.48497156783103,14.703493095044678,15.272136474411047,12.835093419983753,10.885458976441917
장충동1가,1.1627906976744187,1.1627906976744187,13.953488372093023,8.13953488372093,9.30232558139535,15.11627906976744,15.11627906976744,25.581395348837212,10.465116279069768
장충동2가,2.666666666666667,6.666666666666667,16.0,9.0,9.0,13.666666666666666,16.0,13.666666666666666,13.333333333333334
재동,2.5,5.0,27.500000000000004,15.0,10.0,10.0,10.0,15.0,5.0
저동1가,0.0,9.090909090909092,18.181818181818183,18.181818181818183,15.151515151515152,18.181818181818183,15.151515151515152,6.0606060606060606,0.0
저동2가,1.3333333333333335,4.0,18.666666666666668,14.666666666666666,20.666666666666668,19.333333333333332,12.666666666666668,4.666666666666667,4.0
적선동,0.0,10.606060606060606,27.27272727272727,18.181818181818183,9.090909090909092,18.181818181818183,10.606060606060606,1.5151515151515151,4.545454545454546
전농동,1.8188854489164086,3.637770897832817,6.927244582043343,7.469040247678019,10.448916408668731,21.207430340557277,15.944272445820435,18.4984520123839,14.047987616099073
정동,1.0,11.0,12.0,13.0,15.0,16.0,14.000000000000002,13.0,5.0
정릉동,2.697368421052632,4.440789473684211,7.828947368421052,7.072368421052631,10.526315789473683,13.026315789473683,17.82894736842105,19.111842105263158,17.467105263157894
제기동,1.0416666666666665,3.179824561403509,7.785087719298247,5.263157894736842,6.853070175438597,18.311403508771928,22.478070175438596,19.188596491228072,15.899122807017543
종로1가,1.7241379310344827,8.620689655172415,15.517241379310345,13.793103448275861,13.793103448275861,18.96551724137931,12.068965517241379,13.793103448275861,1.7241379310344827
종로2가,0.0,2.6119402985074625,13.059701492537313,10.820895522388058,16.791044776119403,26.119402985074625,17.91044776119403,7.835820895522389,4.850746268656716
종로3가,0.33333333333333337,3.0,9.666666666666666,8.666666666666668,9.0,18.0,24.333333333333336,18.0,9.0
종로4가,0.0,5.376344086021505,9.67741935483871,6.451612903225806,5.376344086021505,19.35483870967742,25.806451612903224,18.27956989247312,9.67741935483871
종로5가,0.0,0.851063829787234,6.382978723404255,6.382978723404255,11.48936170212766,22.5531914893617,26.382978723404253,21.70212765957447,4.25531914893617
종로6가,1.2345679012345678,7.4074074074074066,12.757201646090536,5.349794238683128,11.11111111111111,28.39506172839506,17.28395061728395,11.934156378600823,4.526748971193416
종암동,2.5536854323853744,4.81717933836332,8.589669181659895,8.299477655252467,9.924550203134068,15.67034242600116,15.380150899593731,17.06326175275682,17.701683110853164
주교동,0.0,2.380952380952381,7.142857142857142,5.952380952380952,19.047619047619047,26.190476190476193,22.61904761904762,11.904761904761903,4.761904761904762
주성동,0.0,4.3478260869565215,21.73913043478261,4.3478260869565215,13.043478260869565,21.73913043478261,13.043478260869565,13.043478260869565,8.695652173913043
주자동,0.0,0.0,0.0,33.33333333333333,33.33333333333333,33.33333333333333,0.0,0.0,0.0
중계동,2.49667994687915,6.374501992031872,5.577689243027888,4.8339973439575035,11.42098273572377,13.333333333333334,17.317397078353252,19.46879150066401,19.176626826029217
중곡동,2.2869674185463658,3.8533834586466162,10.651629072681704,9.429824561403509,11.152882205513784,16.948621553884713,18.577694235588975,16.35338345864662,10.74561403508772
중동,4.181184668989547,9.40766550522648,6.968641114982578,6.968641114982578,12.89198606271777,15.33101045296167,16.376306620209057,12.89198606271777,14.982578397212542
중림동,1.0309278350515463,1.0309278350515463,5.154639175257731,6.185567010309279,21.855670103092784,21.237113402061855,16.90721649484536,12.783505154639174,13.814432989690722
중학동,0.0,0.0,26.31578947368421,15.789473684210526,21.052631578947366,26.31578947368421,5.263157894736842,0.0,5.263157894736842
중화동,2.430077945896378,3.209536909674461,8.574048601558918,8.8491517652453,11.187528656579552,18.29436038514443,19.62402567629528,15.589179275561667,12.242090784044017
증산동,4.7272727272727275,5.818181818181818,8.181818181818182,7.2727272727272725,6.909090909090909,16.90909090909091,16.363636363636363,17.636363636363637,16.18181818181818
진관동,3.3545197740112997,5.014124293785311,10.48728813559322,9.03954802259887,13.983050847457626,19.63276836158192,16.348870056497177,10.38135593220339,11.758474576271187
창동,2.9544429409111412,3.7212449255751014,7.916102841677943,8.141632837167343,9.179070816418584,14.930085701398285,16.621560667568787,18.245376635092466,18.290482634190347
창성동,0.0,0.0,11.76470588235294,5.88235294117647,11.76470588235294,11.76470588235294,17.647058823529413,5.88235294117647,35.294117647058826
창신동,1.7358490566037734,2.7169811320754715,7.169811320754717,6.7924528301886795,9.811320754716983,21.81132075471698,22.339622641509436,17.433962264150942,10.18867924528302
창전동,4.009433962264151,8.49056603773585,14.858490566037736,10.141509433962264,11.084905660377359,12.264150943396226,9.433962264150944,16.037735849056602,13.679245283018867
창천동,0.2607561929595828,10.691003911342895,39.374185136897,10.821382007822686,7.6923076923076925,8.735332464146023,8.47457627118644,8.47457627118644,5.475880052151238
천연동,3.3112582781456954,1.3245033112582782,5.960264900662252,5.298013245033113,5.298013245033113,14.56953642384106,11.920529801324504,24.503311258278146,27.81456953642384
천왕동,4.683840749414521,7.02576112412178,8.430913348946136,9.133489461358314,11.241217798594848,7.728337236533958,16.627634660421545,16.627634660421545,18.501170960187356
천호동,2.0293911826452065,3.7322136692325634,9.423839514812222,9.353860508514114,10.940051317937952,17.261488220200608,17.518077909960343,16.048518777700025,13.692558898996968
청담동,2.2550544323483668,4.89891135303266,21.384136858475895,16.874027993779162,12.986003110419908,11.741835147744945,12.28615863141524,9.953343701399689,7.620528771384137
청량리동,0.8689839572192514,1.6711229946524064,4.946524064171124,6.417112299465241,8.355614973262032,19.585561497326204,22.66042780748663,20.855614973262032,14.63903743315508
청암동,5.0,5.0,5.0,5.0,7.5,12.5,25.0,20.0,15.0
청운동,1.1111111111111112,14.444444444444443,11.11111111111111,6.666666666666667,10.0,6.666666666666667,16.666666666666664,12.222222222222221,21.11111111111111
청진동,1.834862385321101,2.7522935779816518,17.431192660550458,11.926605504587156,20.18348623853211,20.18348623853211,8.256880733944955,11.009174311926607,6.422018348623854
청파동1가,0.7751937984496124,5.038759689922481,15.891472868217054,9.689922480620156,10.852713178294573,15.891472868217054,12.790697674418606,15.891472868217054,13.178294573643413
청파동2가,2.142857142857143,8.571428571428571,17.142857142857142,10.0,9.285714285714286,7.857142857142857,12.857142857142856,17.857142857142858,14.285714285714285
청파동3가,1.5384615384615385,15.384615384615385,28.46153846153846,6.153846153846154,5.384615384615385,15.384615384615385,10.76923076923077,10.0,6.923076923076923
체부동,3.1746031746031744,1.5873015873015872,14.285714285714285,7.936507936507936,9.523809523809524,9.523809523809524,11.11111111111111,30.158730158730158,12.698412698412698
초동,1.6129032258064515,3.225806451612903,17.741935483870968,11.29032258064516,16.129032258064516,29.03225806451613,14.516129032258066,6.451612903225806,0.0
충무로1가,0.0,5.747126436781609,26.436781609195403,9.195402298850574,17.24137931034483,10.344827586206897,14.942528735632186,9.195402298850574,6.896551724137931
충무로2가,0.0,8.333333333333332,31.944444444444443,22.22222222222222,13.88888888888889,11.11111111111111,6.944444444444445,2.7777777777777777,2.7777777777777777
충무로3가,0.0,1.342281879194631,34.899328859060404,23.48993288590604,20.80536912751678,10.06711409395973,4.697986577181208,4.026845637583892,0.6711409395973155
충무로4가,2.247191011235955,2.247191011235955,11.235955056179774,10.112359550561797,14.606741573033707,17.97752808988764,22.47191011235955,11.235955056179774,7.865168539325842
충무로5가,0.0,4.081632653061225,20.408163265306122,18.367346938775512,10.204081632653061,26.53061224489796,16.3265306122449,4.081632653061225,0.0
충신동,0.6369426751592357,1.2738853503184715,7.643312101910828,9.554140127388536,8.280254777070063,18.471337579617835,21.656050955414013,22.29299363057325,10.191082802547772
충정로1가,0.0,3.571428571428571,10.714285714285714,14.285714285714285,14.285714285714285,17.857142857142858,14.285714285714285,21.428571428571427,3.571428571428571
충정로2가,0.6024096385542169,5.421686746987952,13.253012048192772,10.843373493975903,10.240963855421686,13.855421686746988,29.518072289156628,7.83132530120482,8.433734939759036
충정로3가,1.6722408026755853,3.678929765886288,15.719063545150503,10.033444816053512,12.709030100334449,17.05685618729097,13.712374581939798,11.37123745819398,14.046822742474916
태평로1가,1.0309278350515463,3.0927835051546393,13.402061855670103,15.463917525773196,15.463917525773196,21.649484536082475,12.371134020618557,15.463917525773196,2.0618556701030926
태평로2가,0.0,2.631578947368421,19.298245614035086,14.912280701754385,17.543859649122805,22.807017543859647,13.157894736842104,5.263157894736842,4.385964912280701
토정동,8.571428571428571,5.714285714285714,2.857142857142857,14.285714285714285,20.0,14.285714285714285,14.285714285714285,5.714285714285714,14.285714285714285
통의동,0.0,6.666666666666667,23.333333333333332,10.0,3.3333333333333335,6.666666666666667,13.333333333333334,10.0,26.666666666666668
통인동,2.0,4.0,4.0,8.0,12.0,12.0,20.0,14.000000000000002,24.0
팔판동,0.0,0.0,4.761904761904762,9.523809523809524,0.0,14.285714285714285,9.523809523809524,47.61904761904761,14.285714285714285
평동,0.7067137809187279,2.65017667844523,8.8339222614841,12.54416961130742,14.487632508833922,18.021201413427562,19.78798586572438,17.84452296819788,5.123674911660777
평창동,3.6637931034482754,3.8793103448275863,8.189655172413794,7.758620689655173,8.836206896551724,13.793103448275861,11.85344827586207,18.75,23.275862068965516
풍납동,3.125,4.487179487179487,8.89423076923077,9.935897435897436,9.375,13.701923076923078,19.71153846153846,17.548076923076923,13.221153846153847
필동1가,0.0,1.8867924528301887,26.41509433962264,11.320754716981133,11.320754716981133,9.433962264150944,24.528301886792452,7.547169811320755,7.547169811320755
필동2가,0.0,8.823529411764707,17.647058823529413,12.352941176470589,11.76470588235294,12.941176470588237,17.058823529411764,11.76470588235294,7.647058823529412
필동3가,0.0,13.432835820895523,22.388059701492537,10.44776119402985,1.4925373134328357,4.477611940298507,13.432835820895523,10.44776119402985,23.88059701492537
필운동,4.3478260869565215,6.521739130434782,13.043478260869565,8.695652173913043,15.217391304347828,10.869565217391305,19.565217391304348,10.869565217391305,10.869565217391305
하계동,2.5474756831866605,6.021306160259379,8.89300602130616,5.974988420565077,9.21723019916628,13.246873552570634,18.527095877721166,18.11023622047244,17.4617878647522
하왕십리동,5.965292841648591,2.711496746203905,8.893709327548807,11.279826464208242,8.676789587852495,15.509761388286334,16.48590021691974,17.570498915401302,12.906724511930587
하월곡동,3.069926094371802,3.2973280272882324,8.413871517907902,7.106310403638432,13.018760659465606,15.80443433769187,17.62364980102331,17.680500284252414,13.985218874360433
하중동,8.333333333333332,6.25,10.416666666666668,18.75,0.0,14.583333333333334,8.333333333333332,8.333333333333332,25.0
한강로1가,0.0,2.7027027027027026,20.72072072072072,19.36936936936937,10.36036036036036,17.117117117117118,12.162162162162163,8.558558558558559,9.00900900900901
한강로2가,2.510460251046025,3.765690376569038,21.96652719665272,21.75732217573222,14.853556485355648,19.246861924686193,7.322175732217573,3.9748953974895396,4.602510460251046
한강로3가,1.9672131147540985,3.934426229508197,19.672131147540984,13.442622950819672,10.327868852459018,14.754098360655737,14.918032786885247,12.459016393442624,8.524590163934425
한남동,1.7132551848512172,4.147880973850315,15.1487826871055,14.517583408476103,13.615870153291254,12.714156898106403,13.435527502254283,12.984670874661857,11.722272317403066
합동,1.9607843137254901,0.0,13.725490196078432,13.725490196078432,39.21568627450981,13.725490196078432,7.8431372549019605,1.9607843137254901,7.8431372549019605
합정동,1.2021857923497268,4.480874316939891,22.84153005464481,12.349726775956285,10.163934426229508,11.147540983606557,14.207650273224044,13.77049180327869,9.836065573770492
항동,9.577464788732394,5.352112676056338,9.295774647887324,16.056338028169016,13.239436619718308,10.704225352112676,15.211267605633802,10.985915492957748,9.577464788732394
행당동,2.36784140969163,7.8744493392070485,16.244493392070485,10.79295154185022,9.08590308370044,13.656387665198238,12.5,14.317180616740089,13.16079295154185
행촌동,2.5,5.5,5.5,12.5,8.0,10.5,12.5,25.0,18.0
현석동,7.142857142857142,2.380952380952381,8.73015873015873,12.698412698412698,10.317460317460316,12.698412698412698,11.904761904761903,11.904761904761903,22.22222222222222
현저동,5.6000000000000005,3.2,4.3999999999999995,6.0,7.6,13.200000000000001,23.200000000000003,16.0,20.8
혜화동,0.0,11.801242236024844,21.73913043478261,8.695652173913043,14.285714285714285,8.074534161490684,12.422360248447205,6.211180124223603,16.77018633540373
홍은동,2.7253668763102725,4.088050314465408,6.970649895178196,6.708595387840671,9.643605870020965,13.626834381551362,16.19496855345912,19.654088050314467,20.38784067085954
홍익동,0.6944444444444444,2.7777777777777777,9.375,7.986111111111111,6.944444444444445,13.541666666666666,14.583333333333334,21.180555555555554,22.916666666666664
홍제동,2.3346303501945527,3.404669260700389,7.636186770428016,6.22568093385214,7.198443579766536,14.737354085603114,17.898832684824903,20.622568093385212,19.941634241245136
홍지동,1.9230769230769231,5.769230769230769,12.5,1.9230769230769231,10.576923076923077,3.8461538461538463,8.653846153846153,14.423076923076922,40.38461538461539
홍파동,0.0,0.0,5.0,12.5,12.5,15.0,15.0,15.0,25.0
화곡동,3.167583074348554,3.992349988046856,11.833612240019125,10.21993784365288,11.02079846999761,13.793927803012194,17.953621802534066,15.682524503944537,12.335644274444178
화동,0.0,20.0,13.333333333333334,0.0,6.666666666666667,0.0,13.333333333333334,6.666666666666667,40.0
화양동,1.5043547110055424,12.747426761678543,37.29216152019003,11.480601741884403,7.759303246239114,9.026128266033254,7.1258907363420425,6.571654790182106,6.492478226444972
황학동,2.3703703703703702,3.111111111111111,10.074074074074074,11.25925925925926,9.62962962962963,17.62962962962963,20.0,14.962962962962964,10.962962962962964
회기동,2.3106546854942236,7.958921694480104,19.51219512195122,7.317073170731707,9.75609756097561,12.195121951219512,12.45186136071887,17.58664955070603,10.911424903722722
회현동1가,2.127659574468085,2.6595744680851063,15.957446808510639,7.446808510638298,14.893617021276595,12.23404255319149,15.425531914893616,13.829787234042554,15.425531914893616
회현동2가,1.36986301369863,0.0,17.80821917808219,19.17808219178082,15.068493150684931,19.17808219178082,6.8493150684931505,13.698630136986301,6.8493150684931505
회현동3가,0.0,0.0,100.0,0.0,0.0,0.0,0.0,0.0,0.0
효자동,11.538461538461538,0.0,15.384615384615385,7.6923076923076925,19.230769230769234,11.538461538461538,7.6923076923076925,11.538461538461538,15.384615384615385
효제동,0.0,3.1746031746031744,23.809523809523807,9.523809523809524,11.11111111111111,15.873015873015872,20.634920634920633,6.349206349206349,9.523809523809524
효창동,4.25531914893617,4.25531914893617,10.33434650455927,7.29483282674772,6.68693009118541,9.118541033434651,14.285714285714285,17.325227963525837,26.443768996960486
후암동,1.9867549668874174,4.635761589403973,10.099337748344372,10.596026490066226,13.741721854304636,15.728476821192054,16.225165562913908,13.410596026490065,13.57615894039735
훈정동,0.0,0.0,5.263157894736842,10.526315789473683,15.789473684210526,15.789473684210526,26.31578947368421,26.31578947368421,0.0
휘경동,2.6640675763482777,6.432748538011696,15.919428200129953,7.082521117608836,8.382066276803119,12.99545159194282,14.944769330734243,17.08901884340481,14.489928525016243
흑석동,2.2243713733075436,4.352030947775629,11.992263056092844,9.284332688588009,7.640232108317215,12.76595744680851,14.313346228239846,17.11798839458414,20.309477756286267
흥인동,0.8547008547008548,8.11965811965812,23.931623931623932,17.094017094017094,13.247863247863249,13.675213675213676,10.256410256410255,8.547008547008547,4.273504273504273
